<?xml version="1.0" encoding="utf-8"?>
<!--/306593/1749552/2.50/18/4/Display/-->
<quadcept_library>
  <setting unit="mil" />
  <textstyle name="Default" height="47.244094488189" strokewidth="7.8740157480315" charwidth="47.244094488189" />
  <textstyle name="Dimension" height="19.6850393700787" strokewidth="0" charwidth="19.6850393700787" />
  <textstyle name="H127W0635TH00762" height="50" strokewidth="3" charwidth="25" />
  <textstyle name="H15W15TH02" height="59.0551181102362" strokewidth="7.8740157480315" charwidth="59.0551181102362" />
  <padstyle name="c142.5_h95" surface="False" plated="True" isvia="False" nopaste="True" nomask="True" complex="False" holesize="37.401574803149">
    <padshape layer="TOP" shape="round" width="56.102362204724" height="56.102362204724" />
    <padshape layer="TOP_SOLDER_MASK" shape="round" width="63.976377952755" height="63.976377952755" />
    <padshape layer="INNER" shape="round" width="56.102362204724" height="56.102362204724" />
    <padshape layer="BOTTOM" shape="round" width="56.102362204724" height="56.102362204724" />
    <padshape layer="BOTTOM_SOLDER_MASK" shape="round" width="63.976377952755" height="63.976377952755" />
  </padstyle>
  <padstyle name="s142.5_h95" surface="False" plated="True" isvia="False" nopaste="True" nomask="True" complex="False" holesize="37.401574803149">
    <padshape layer="TOP" shape="square" width="56.102362204724" height="56.102362204724" />
    <padshape layer="TOP_SOLDER_MASK" shape="square" width="63.976377952755" height="63.976377952755" />
    <padshape layer="INNER" shape="round" width="56.102362204724" height="56.102362204724" />
    <padshape layer="BOTTOM" shape="square" width="56.102362204724" height="56.102362204724" />
    <padshape layer="BOTTOM_SOLDER_MASK" shape="square" width="63.976377952755" height="63.976377952755" />
  </padstyle>
  <footprint name="DIPS1524W50P254L2500H825Q18N" originx="0" originy="0" pickpointx="0" pickpointy="0">
    <pcbpin number="1" name="1" style="s142.5_h95" originx="0" originy="0" rotation="90" />
    <pcbpin number="2" name="2" style="c142.5_h95" originx="0" originy="-99.999999999999" rotation="90" />
    <pcbpin number="3" name="3" style="c142.5_h95" originx="0" originy="-200" rotation="90" />
    <pcbpin number="4" name="4" style="c142.5_h95" originx="0" originy="-300" rotation="90" />
    <pcbpin number="5" name="5" style="c142.5_h95" originx="0" originy="-400" rotation="90" />
    <pcbpin number="6" name="6" style="c142.5_h95" originx="0" originy="-499.99999999999" rotation="90" />
    <pcbpin number="7" name="7" style="c142.5_h95" originx="0" originy="-599.99999999999" rotation="90" />
    <pcbpin number="8" name="8" style="c142.5_h95" originx="0" originy="-699.99999999999" rotation="90" />
    <pcbpin number="9" name="9" style="c142.5_h95" originx="0" originy="-799.99999999999" rotation="90" />
    <pcbpin number="10" name="10" style="c142.5_h95" originx="599.99999999999" originy="-799.99999999999" rotation="90" />
    <pcbpin number="11" name="11" style="c142.5_h95" originx="599.99999999999" originy="-699.99999999999" rotation="90" />
    <pcbpin number="12" name="12" style="c142.5_h95" originx="599.99999999999" originy="-599.99999999999" rotation="90" />
    <pcbpin number="13" name="13" style="c142.5_h95" originx="599.99999999999" originy="-499.99999999999" rotation="90" />
    <pcbpin number="14" name="14" style="c142.5_h95" originx="599.99999999999" originy="-400" rotation="90" />
    <pcbpin number="15" name="15" style="c142.5_h95" originx="599.99999999999" originy="-300" rotation="90" />
    <pcbpin number="16" name="16" style="c142.5_h95" originx="599.99999999999" originy="-200" rotation="90" />
    <pcbpin number="17" name="17" style="c142.5_h95" originx="599.99999999999" originy="-99.999999999999" rotation="90" />
    <pcbpin number="18" name="18" style="c142.5_h95" originx="599.99999999999" originy="0" rotation="90" />
    <line layer="TOP_PLACE_BOUND" originx="-80.905511811023" originy="106.88976377953" endx="680.90551181102" endy="106.88976377953" width="1.9685039370079" />
    <line layer="TOP_PLACE_BOUND" originx="680.90551181102" originy="106.88976377953" endx="680.90551181102" endy="-906.88976377952" width="1.9685039370079" />
    <line layer="TOP_PLACE_BOUND" originx="680.90551181102" originy="-906.88976377952" endx="-80.905511811023" endy="-906.88976377952" width="1.9685039370079" />
    <line layer="TOP_PLACE_BOUND" originx="-80.905511811023" originy="-906.88976377952" endx="-80.905511811023" endy="106.88976377953" width="1.9685039370079" />
    <line layer="TOP_ASSEMBLY" originx="-71.062992125983" originy="97.047244094487" endx="671.06299212598" endy="97.047244094487" width="3.9370078740157" />
    <line layer="TOP_ASSEMBLY" originx="671.06299212598" originy="97.047244094487" endx="671.06299212598" endy="-897.04724409448" width="3.9370078740157" />
    <line layer="TOP_ASSEMBLY" originx="671.06299212598" originy="-897.04724409448" endx="-71.062992125983" endy="-897.04724409448" width="3.9370078740157" />
    <line layer="TOP_ASSEMBLY" originx="-71.062992125983" originy="-897.04724409448" endx="-71.062992125983" endy="97.047244094487" width="3.9370078740157" />
    <line layer="TOP_ASSEMBLY" originx="-71.062992125983" originy="47.047244094488" endx="-21.062992125984" endy="97.047244094487" width="3.9370078740157" />
    <line layer="TOP_SILKSCREEN" originx="-71.062992125983" originy="-897.04724409448" endx="671.06299212598" endy="-897.04724409448" width="7.8740157480314" />
    <line layer="TOP_SILKSCREEN" originx="671.06299212598" originy="97.047244094487" endx="-71.062992125983" endy="97.047244094487" width="7.8740157480314" />
    <line layer="TOP_SILKSCREEN" originx="-71.062992125983" originy="97.047244094487" endx="-71.062992125983" endy="0" width="7.8740157480314" />
  </footprint>
  <symbol name="HDSP-521E" originx="0" originy="0">
    <line originx="200" originy="100" endx="2100" endy="100" width="0" />
    <line originx="2100" originy="-900" endx="2100" endy="100" width="0" />
    <line originx="2100" originy="-900" endx="200" endy="-900" width="0" />
    <line originx="200" originy="100" endx="200" endy="-900" width="0" />
    <sympin number="1" originx="200" originy="0" rotation="180" length="100" width="7.8740157480315" flipped="False">
      <text name="pinname" originx="230" originy="0" style="Default" rotation="0" justify="left" flipped="False" hidden="False" data="E_CATHODE_NO.1" />
      <text name="pindes" originx="140" originy="20" style="Default" rotation="0" justify="lowerright" flipped="False" hidden="False" data="1" />
    </sympin>
    <sympin number="2" originx="200" originy="-100" rotation="180" length="100" width="7.8740157480315" flipped="False">
      <text name="pinname" originx="230" originy="-100" style="Default" rotation="0" justify="left" flipped="False" hidden="False" data="D_CATHODE_NO.1" />
      <text name="pindes" originx="140" originy="-80" style="Default" rotation="0" justify="lowerright" flipped="False" hidden="False" data="2" />
    </sympin>
    <sympin number="3" originx="200" originy="-200" rotation="180" length="100" width="7.8740157480315" flipped="False">
      <text name="pinname" originx="230" originy="-200" style="Default" rotation="0" justify="left" flipped="False" hidden="False" data="C_CATHODE_NO.1" />
      <text name="pindes" originx="140" originy="-180" style="Default" rotation="0" justify="lowerright" flipped="False" hidden="False" data="3" />
    </sympin>
    <sympin number="4" originx="200" originy="-300" rotation="180" length="100" width="7.8740157480315" flipped="False">
      <text name="pinname" originx="230" originy="-300" style="Default" rotation="0" justify="left" flipped="False" hidden="False" data="DP_CATHODE_NO.1" />
      <text name="pindes" originx="140" originy="-280" style="Default" rotation="0" justify="lowerright" flipped="False" hidden="False" data="4" />
    </sympin>
    <sympin number="5" originx="200" originy="-400" rotation="180" length="100" width="7.8740157480315" flipped="False">
      <text name="pinname" originx="230" originy="-400" style="Default" rotation="0" justify="left" flipped="False" hidden="False" data="E_CATHODE_NO.2" />
      <text name="pindes" originx="140" originy="-380" style="Default" rotation="0" justify="lowerright" flipped="False" hidden="False" data="5" />
    </sympin>
    <sympin number="6" originx="200" originy="-500" rotation="180" length="100" width="7.8740157480315" flipped="False">
      <text name="pinname" originx="230" originy="-500" style="Default" rotation="0" justify="left" flipped="False" hidden="False" data="D_CATHODE_NO.2" />
      <text name="pindes" originx="140" originy="-480" style="Default" rotation="0" justify="lowerright" flipped="False" hidden="False" data="6" />
    </sympin>
    <sympin number="7" originx="200" originy="-600" rotation="180" length="100" width="7.8740157480315" flipped="False">
      <text name="pinname" originx="230" originy="-600" style="Default" rotation="0" justify="left" flipped="False" hidden="False" data="G_CATHODE_NO.2" />
      <text name="pindes" originx="140" originy="-580" style="Default" rotation="0" justify="lowerright" flipped="False" hidden="False" data="7" />
    </sympin>
    <sympin number="8" originx="200" originy="-700" rotation="180" length="100" width="7.8740157480315" flipped="False">
      <text name="pinname" originx="230" originy="-700" style="Default" rotation="0" justify="left" flipped="False" hidden="False" data="C_CATHODE_NO.2" />
      <text name="pindes" originx="140" originy="-680" style="Default" rotation="0" justify="lowerright" flipped="False" hidden="False" data="8" />
    </sympin>
    <sympin number="9" originx="200" originy="-800" rotation="180" length="100" width="7.8740157480315" flipped="False">
      <text name="pinname" originx="230" originy="-800" style="Default" rotation="0" justify="left" flipped="False" hidden="False" data="DP_CATHODE_NO.2" />
      <text name="pindes" originx="140" originy="-780" style="Default" rotation="0" justify="lowerright" flipped="False" hidden="False" data="9" />
    </sympin>
    <sympin number="18" originx="2100" originy="0" rotation="0" length="100" width="7.8740157480315" flipped="False">
      <text name="pinname" originx="2070" originy="0" style="Default" rotation="0" justify="right" flipped="False" hidden="False" data="F_CATHODE_NO.1" />
      <text name="pindes" originx="2160" originy="20" style="Default" rotation="0" justify="lowerleft" flipped="False" hidden="False" data="18" />
    </sympin>
    <sympin number="17" originx="2100" originy="-100" rotation="0" length="100" width="7.8740157480315" flipped="False">
      <text name="pinname" originx="2070" originy="-100" style="Default" rotation="0" justify="right" flipped="False" hidden="False" data="G_CATHODE_NO.1" />
      <text name="pindes" originx="2160" originy="-80" style="Default" rotation="0" justify="lowerleft" flipped="False" hidden="False" data="17" />
    </sympin>
    <sympin number="16" originx="2100" originy="-200" rotation="0" length="100" width="7.8740157480315" flipped="False">
      <text name="pinname" originx="2070" originy="-200" style="Default" rotation="0" justify="right" flipped="False" hidden="False" data="A_CATHODE_NO.1" />
      <text name="pindes" originx="2160" originy="-180" style="Default" rotation="0" justify="lowerleft" flipped="False" hidden="False" data="16" />
    </sympin>
    <sympin number="15" originx="2100" originy="-300" rotation="0" length="100" width="7.8740157480315" flipped="False">
      <text name="pinname" originx="2070" originy="-300" style="Default" rotation="0" justify="right" flipped="False" hidden="False" data="B_CATHODE_NO.1" />
      <text name="pindes" originx="2160" originy="-280" style="Default" rotation="0" justify="lowerleft" flipped="False" hidden="False" data="15" />
    </sympin>
    <sympin number="14" originx="2100" originy="-400" rotation="0" length="100" width="7.8740157480315" flipped="False">
      <text name="pinname" originx="2070" originy="-400" style="Default" rotation="0" justify="right" flipped="False" hidden="False" data="DIGIT_NO.1_ANODE" />
      <text name="pindes" originx="2160" originy="-380" style="Default" rotation="0" justify="lowerleft" flipped="False" hidden="False" data="14" />
    </sympin>
    <sympin number="13" originx="2100" originy="-500" rotation="0" length="100" width="7.8740157480315" flipped="False">
      <text name="pinname" originx="2070" originy="-500" style="Default" rotation="0" justify="right" flipped="False" hidden="False" data="DIGIT_NO.2_ANODE" />
      <text name="pindes" originx="2160" originy="-480" style="Default" rotation="0" justify="lowerleft" flipped="False" hidden="False" data="13" />
    </sympin>
    <sympin number="12" originx="2100" originy="-600" rotation="0" length="100" width="7.8740157480315" flipped="False">
      <text name="pinname" originx="2070" originy="-600" style="Default" rotation="0" justify="right" flipped="False" hidden="False" data="F_CATHODE_NO.2" />
      <text name="pindes" originx="2160" originy="-580" style="Default" rotation="0" justify="lowerleft" flipped="False" hidden="False" data="12" />
    </sympin>
    <sympin number="11" originx="2100" originy="-700" rotation="0" length="100" width="7.8740157480315" flipped="False">
      <text name="pinname" originx="2070" originy="-700" style="Default" rotation="0" justify="right" flipped="False" hidden="False" data="A_CATHODE_NO.2" />
      <text name="pindes" originx="2160" originy="-680" style="Default" rotation="0" justify="lowerleft" flipped="False" hidden="False" data="11" />
    </sympin>
    <sympin number="10" originx="2100" originy="-800" rotation="0" length="100" width="7.8740157480315" flipped="False">
      <text name="pinname" originx="2070" originy="-800" style="Default" rotation="0" justify="right" flipped="False" hidden="False" data="B_CATHODE_NO.2" />
      <text name="pindes" originx="2160" originy="-780" style="Default" rotation="0" justify="lowerleft" flipped="False" hidden="False" data="10" />
    </sympin>
  </symbol>
  <component name="HDSP-521E" designatorprefix="DS" height="324.8031496063" footprint="DIPS1524W50P254L2500H825Q18N">
    <comppin designator="1" sympin="1" pinswap="0" gateswap="0" gate="1" group="1" side="" type="Any" name="E_CATHODE_NO.1" />
    <comppin designator="2" sympin="2" pinswap="0" gateswap="0" gate="1" group="1" side="" type="Any" name="D_CATHODE_NO.1" />
    <comppin designator="3" sympin="3" pinswap="0" gateswap="0" gate="1" group="1" side="" type="Any" name="C_CATHODE_NO.1" />
    <comppin designator="4" sympin="4" pinswap="0" gateswap="0" gate="1" group="1" side="" type="Any" name="DP_CATHODE_NO.1" />
    <comppin designator="5" sympin="5" pinswap="0" gateswap="0" gate="1" group="1" side="" type="Any" name="E_CATHODE_NO.2" />
    <comppin designator="6" sympin="6" pinswap="0" gateswap="0" gate="1" group="1" side="" type="Any" name="D_CATHODE_NO.2" />
    <comppin designator="7" sympin="7" pinswap="0" gateswap="0" gate="1" group="1" side="" type="Any" name="G_CATHODE_NO.2" />
    <comppin designator="8" sympin="8" pinswap="0" gateswap="0" gate="1" group="1" side="" type="Any" name="C_CATHODE_NO.2" />
    <comppin designator="9" sympin="9" pinswap="0" gateswap="0" gate="1" group="1" side="" type="Any" name="DP_CATHODE_NO.2" />
    <comppin designator="10" sympin="10" pinswap="0" gateswap="0" gate="1" group="1" side="" type="Any" name="B_CATHODE_NO.2" />
    <comppin designator="11" sympin="11" pinswap="0" gateswap="0" gate="1" group="1" side="" type="Any" name="A_CATHODE_NO.2" />
    <comppin designator="12" sympin="12" pinswap="0" gateswap="0" gate="1" group="1" side="" type="Any" name="F_CATHODE_NO.2" />
    <comppin designator="13" sympin="13" pinswap="0" gateswap="0" gate="1" group="1" side="" type="Any" name="DIGIT_NO.2_ANODE" />
    <comppin designator="14" sympin="14" pinswap="0" gateswap="0" gate="1" group="1" side="" type="Any" name="DIGIT_NO.1_ANODE" />
    <comppin designator="15" sympin="15" pinswap="0" gateswap="0" gate="1" group="1" side="" type="Any" name="B_CATHODE_NO.1" />
    <comppin designator="16" sympin="16" pinswap="0" gateswap="0" gate="1" group="1" side="" type="Any" name="A_CATHODE_NO.1" />
    <comppin designator="17" sympin="17" pinswap="0" gateswap="0" gate="1" group="1" side="" type="Any" name="G_CATHODE_NO.1" />
    <comppin designator="18" sympin="18" pinswap="0" gateswap="0" gate="1" group="1" side="" type="Any" name="F_CATHODE_NO.1" />
    <attached_symbol gate="1" name="HDSP-521E" />
    <pinmap designator="1" footprintpin="1" />
    <pinmap designator="2" footprintpin="2" />
    <pinmap designator="3" footprintpin="3" />
    <pinmap designator="4" footprintpin="4" />
    <pinmap designator="5" footprintpin="5" />
    <pinmap designator="6" footprintpin="6" />
    <pinmap designator="7" footprintpin="7" />
    <pinmap designator="8" footprintpin="8" />
    <pinmap designator="9" footprintpin="9" />
    <pinmap designator="10" footprintpin="10" />
    <pinmap designator="11" footprintpin="11" />
    <pinmap designator="12" footprintpin="12" />
    <pinmap designator="13" footprintpin="13" />
    <pinmap designator="14" footprintpin="14" />
    <pinmap designator="15" footprintpin="15" />
    <pinmap designator="16" footprintpin="16" />
    <pinmap designator="17" footprintpin="17" />
    <pinmap designator="18" footprintpin="18" />
    <text name="Datasheet" originx="0" originy="0" style="Default" rotation="0" justify="" flipped="False" hidden="True" data="https://componentsearchengine.com/Datasheets/2/HDSP-521E.pdf" />
    <text name="Description" originx="0" originy="0" style="Default" rotation="0" justify="" flipped="False" hidden="True" data="AVAGO TECHNOLOGIES - HDSP-521E - LED DISPLAY, DUAL, 0.56&quot;, HE-RED" />
    <text name="Mouser Part Number" originx="0" originy="0" style="Default" rotation="0" justify="" flipped="False" hidden="True" data="630-HDSP-521E" />
    <text name="Mouser Price/Stock" originx="0" originy="0" style="Default" rotation="0" justify="" flipped="False" hidden="True" data="https://www.mouser.co.uk/ProductDetail/Broadcom-Avago/HDSP-521E?qs=pQfy5%252BKCabIW5pTqWifotQ%3D%3D" />
    <text name="Manufacturer_Name" originx="0" originy="0" style="Default" rotation="0" justify="" flipped="False" hidden="True" data="Avago Technologies" />
    <text name="Manufacturer_Part_Number" originx="2150" originy="200" style="Default" rotation="0" justify="left" flipped="False" hidden="False" data="HDSP-521E" />
  </component>
</quadcept_library>
